"MyBest6",3,59
"Collection7",5,267
"Collection27",2,359
"Collection33",1,469
"PlayList29",1,624
"PlayList4",3,675
"Shuffle18",3,850
"MyBest2",5,965
"PlayList9",3,1094
"Shuffle50",2,1129
"PlayList26",4,1178
"Shuffle11",1,1220
"PlayList17",4,1402
"Collection21",2,1513
"MyBest43",4,1623
"Collection7",3,1786
"Shuffle14",2,1788
"PlayList9",5,1859
"MyBest34",2,1861
"Collection28",4,1997
"Shuffle46",4,2280
"Shuffle3",5,2292
"PlayList17",1,2295
"MyBest31",1,2370
"Shuffle5",1,2479
"Shuffle14",4,2582
"Collection34",2,2669
"MyBest43",5,2828
"PlayList50",5,2846
"PlayList49",5,2878
"Shuffle7",5,2940
"PlayList28",1,2961
"PlayList44",3,2978
"PlayList4",2,3087
"MyBest42",3,3180
"Shuffle34",1,3391
"PlayList26",3,3414
"MyBest40",1,3458
"MyBest39",2,3474
"Collection32",4,3540
"Shuffle14",5,3719
"Shuffle24",2,3867
"MyBest38",5,3902
"MyBest41",2,3930
"PlayList25",1,3970
"MyBest4",4,3988
"Collection23",1,4019
"PlayList34",1,4027
"Shuffle23",2,4052
"PlayList39",4,4076
"Collection39",1,4244
"MyBest32",5,4406
"Shuffle48",1,5311
"Shuffle17",4,5330
"Shuffle22",4,5408
"MyBest27",2,5420
"MyBest25",3,5519
"Collection16",5,5617
"Collection5",3,5699
"Collection29",4,5795
"Shuffle19",4,5803
"Shuffle33",3,5868
"Shuffle36",4,5936
"MyBest23",3,5988
"PlayList39",1,6131
"PlayList14",4,6160
"PlayList13",4,6196
"MyBest36",2,6408
"MyBest23",5,6530
"Shuffle40",1,6564
"Shuffle46",5,6695
"Collection13",3,6824
"Shuffle10",4,6874
"Shuffle42",3,6933
"Shuffle19",2,7026
"Shuffle25",2,7029
"MyBest16",1,7045
"PlayList9",2,7169
"MyBest48",1,7221
"PlayList46",3,7240
"Collection38",5,7314
"MyBest49",2,7330
"Collection18",5,7491
"PlayList25",5,7563
"PlayList47",3,7586
"MyBest12",1,7676
"Collection30",2,7862
"MyBest1",3,8076
"MyBest1",1,8378
"PlayList25",3,8429
"MyBest20",4,8580
"MyBest22",4,8649
"PlayList2",3,8754
"PlayList10",2,8763
"Shuffle14",3,9028
"Collection28",3,9107
"Shuffle1",1,9130
"Collection38",3,9146
"Collection45",4,9208
"PlayList18",5,9208
"Collection23",5,9209
"Shuffle50",5,9298
"Collection35",4,9312
"Collection27",4,9394
"Shuffle6",4,9674
"Collection47",1,9699
"Shuffle20",4,9940
"PlayList22",4,9973
"PlayList37",4,9980
"Shuffle21",1,10084
"MyBest22",2,10156
"PlayList46",4,10363
"PlayList46",1,10397
"Shuffle24",5,10507
"MyBest14",2,10591
"PlayList44",4,10604
"MyBest17",3,10667
"MyBest29",1,10695
"Shuffle10",2,10700
"PlayList33",3,10753
"Collection48",5,10900
"PlayList43",4,10942
"Shuffle2",3,11013
"MyBest19",5,11216
"MyBest20",3,11379
"Collection43",1,11382
"PlayList34",5,11396
"Collection41",3,11431
"Collection7",2,11532
"PlayList38",3,11539
"MyBest17",1,11680
"PlayList33",4,11750
"Shuffle22",5,11753
"Collection12",2,11854
"Shuffle28",5,11878
"PlayList30",2,11925
"Collection26",3,11955
"Shuffle6",1,11986
"Collection21",1,12379
"Shuffle49",5,12408
"PlayList41",3,12460
"MyBest47",1,12466
"Shuffle8",4,12668
"Collection12",4,12761
"PlayList50",2,13016
"Collection25",2,13150
"MyBest9",2,13175
"MyBest13",3,13210
"Collection46",5,13225
"PlayList48",1,13227
"PlayList45",1,13375
"Collection16",1,13705
"MyBest19",2,13885
"PlayList23",2,13898
"MyBest28",2,13935
"Shuffle22",3,14327
"Collection28",1,14511
"Shuffle42",5,14561
"Shuffle9",4,14685
"MyBest33",1,14720
"MyBest34",1,14757
"Collection50",2,14885
"MyBest37",4,15063
"MyBest6",5,15091
"PlayList49",1,15177
"PlayList37",1,15342
"PlayList47",2,15343
"MyBest24",4,15533
"PlayList5",1,15792
"MyBest11",5,15957
"PlayList45",3,16030
"Collection41",5,16032
"Shuffle37",2,16036
"Shuffle37",4,16061
"PlayList8",5,16269
"MyBest30",4,16282
"Shuffle47",2,16287
"Collection37",1,16305
"MyBest30",1,16411
"Shuffle20",5,16416
"PlayList32",4,16592
"Shuffle15",4,16701
"Shuffle12",3,16800
"Shuffle41",2,17080
"Collection11",3,17226
"Shuffle30",3,17452
"PlayList20",2,17468
"Shuffle8",3,17493
"PlayList27",1,17600
"PlayList3",2,17720
"Shuffle28",3,17723
"Shuffle4",5,17787
"Shuffle45",5,17803
"Collection20",3,17849
"Collection2",1,17851
"Collection30",4,17922
"Shuffle46",2,18215
"Collection19",3,18289
"Collection43",4,18475
"Collection35",3,18527
"Shuffle30",5,18689
"Collection17",5,18692
"Shuffle3",4,18935
"MyBest48",4,18952
"PlayList31",5,19052
"MyBest43",3,19521
"Collection39",2,19536
"Shuffle28",2,19557
"PlayList6",4,19571
"Collection15",4,19732
"PlayList38",2,19778
"MyBest39",3,19904
"Collection36",2,20144
"Shuffle8",5,20199
"MyBest16",4,20382
"PlayList35",3,20480
"Collection17",3,20672
"MyBest27",3,20678
"Collection31",4,20708
"Shuffle40",4,20916
"PlayList16",1,21021
"Collection17",4,21234
"PlayList5",2,21451
"MyBest42",4,21499
"PlayList18",3,21553
"Shuffle9",5,21642
"Collection18",3,21689
"MyBest38",1,21806
"Shuffle21",5,21827
"MyBest35",3,21932
"Shuffle45",3,21939
"PlayList22",3,22019
"Shuffle31",3,22088
"Shuffle47",5,22167
"PlayList21",3,22308
"Shuffle29",5,22437
"PlayList6",1,22590
"PlayList42",4,22597
"Shuffle30",1,22764
"Collection46",3,22965
"PlayList2",4,23018
"PlayList41",2,23079
"MyBest28",5,23255
"Shuffle19",3,23540
"PlayList15",2,23850
"Collection45",5,23883
"Shuffle39",5,23970
"Collection18",4,24046
"Collection28",5,24210
"MyBest40",5,24272
"PlayList1",4,24294
"Shuffle45",1,24351
"PlayList29",2,24849
"PlayList17",3,24917
"Collection44",5,25132
"MyBest8",3,25156
"Shuffle20",1,25357
"PlayList19",5,25706
"MyBest46",4,25746
"Collection30",1,25766
"MyBest16",2,25872
"MyBest18",3,25872
"Shuffle32",3,26022
"PlayList33",1,26023
"Collection2",5,26090
"Collection38",4,26116
"PlayList32",3,26281
"MyBest38",3,26293
"Collection30",5,26505
"Collection34",5,26632
"Shuffle40",5,26635
"PlayList15",1,26708
"MyBest50",4,26762
"Shuffle12",2,27171
"PlayList31",2,27212
"MyBest26",2,27281
"Collection37",4,27299
"PlayList19",2,27341
"PlayList3",4,27369
"MyBest10",2,27425
"Collection45",1,27545
"PlayList32",5,27568
"Shuffle1",4,27573
"MyBest49",4,27948
"Collection25",3,27959
"PlayList20",5,28777
"Shuffle13",1,28817
"PlayList35",2,29010
"PlayList37",3,29105
"Shuffle41",3,29334
"MyBest42",2,29488
"Collection43",3,29583
"MyBest34",3,29621
"PlayList47",4,29820
"MyBest7",3,29892
"Shuffle27",4,30072
"MyBest44",2,30078
"PlayList22",2,30079
"MyBest35",5,30082
"Collection29",5,30168
"Collection26",1,30260
"Collection25",5,30443
"PlayList12",3,30665
"Collection29",1,30715
"PlayList30",3,31118
"PlayList16",3,31160
"MyBest40",3,31183
"PlayList26",5,31219
"Collection3",1,31279
"Collection7",4,31283
"Shuffle8",2,31369
"Shuffle24",1,31377
"PlayList39",3,31509
"MyBest16",3,31860
"Collection46",2,32008
"MyBest3",5,32132
"PlayList12",4,32204
"PlayList13",3,32232
"Collection25",4,32486
"Collection40",2,32515
"Collection2",2,32958
"MyBest5",4,33259
"Shuffle34",2,33324
"Shuffle1",3,33341
"Shuffle38",1,33625
"PlayList46",5,33638
"PlayList34",2,33781
"MyBest23",1,33836
"MyBest24",2,34008
"Shuffle44",1,34048
"Shuffle24",4,34121
"MyBest11",2,34131
"MyBest50",1,34308
"Collection22",1,34361
"MyBest24",3,34482
"Collection40",5,34540
"Shuffle37",1,34560
"PlayList12",2,34686
"Shuffle35",4,34798
"Shuffle12",5,34803
"MyBest38",2,34942
"MyBest13",1,35028
"PlayList28",3,35340
"PlayList6",2,35419
"Collection50",4,35538
"PlayList35",5,35587
"PlayList18",4,35698
"Shuffle39",4,35812
"PlayList49",3,35885
"PlayList21",5,35916
"Collection22",3,36001
"Shuffle2",4,36086
"Collection22",4,36220
"PlayList24",3,36237
"Collection33",2,36312
"PlayList26",2,36503
"Shuffle29",4,36682
"Collection11",2,36891
"PlayList40",5,36955
"Shuffle38",5,37417
"Collection10",5,37641
"Collection23",2,37656
"PlayList14",3,37764
"Shuffle27",1,37881
"Collection38",2,37939
"Shuffle28",1,37951
"Collection42",4,38228
"PlayList45",2,38370
"Collection1",5,38461
"PlayList27",4,38793
"Shuffle35",3,39048
"MyBest38",4,39069
"Collection19",1,39090
"Shuffle49",4,39098
"PlayList36",5,39172
"PlayList28",2,39223
"MyBest34",4,39442
"MyBest26",1,39669
"MyBest5",3,39708
"Shuffle36",2,39876
"PlayList29",3,40035
"Collection47",2,40104
"Shuffle36",5,40336
"PlayList23",5,40349
"MyBest50",2,40504
"MyBest20",2,40787
"Collection16",3,40883
"MyBest15",4,40954
"MyBest9",3,41054
"PlayList22",5,41103
"Collection43",5,41127
"PlayList19",4,41203
"MyBest21",1,41248
"PlayList43",3,41420
"Shuffle18",5,41443
"Shuffle45",4,41481
"Collection44",1,41594
"PlayList47",5,41727
"PlayList7",2,41751
"Shuffle4",3,41751
"Shuffle21",3,41791
"Collection9",2,41839
"Collection9",1,41848
"MyBest22",3,41940
"Shuffle2",2,41958
"Shuffle17",3,42027
"MyBest2",2,42070
"MyBest39",4,42111
"Shuffle11",4,42230
"Shuffle43",2,42317
"PlayList27",5,42321
"MyBest27",4,42324
"Collection42",5,42501
"Collection29",3,42516
"MyBest4",3,42552
"MyBest21",2,42601
"MyBest9",1,42697
"PlayList48",2,42813
"Collection9",3,42832
"PlayList36",3,42998
"PlayList3",5,43055
"MyBest25",5,43098
"PlayList36",4,43150
"MyBest25",2,43222
"PlayList34",4,43254
"MyBest22",1,43297
"Shuffle33",4,43360
"Shuffle3",2,43501
"Shuffle50",1,43553
"Collection26",4,43602
"Shuffle3",1,43894
"Shuffle39",1,44143
"MyBest12",4,44181
"Collection27",1,44225
"Shuffle13",3,44320
"Shuffle31",5,44496
"Shuffle9",1,44581
"PlayList9",4,44598
"Shuffle48",5,44631
"MyBest26",5,44763
"MyBest8",4,44876
"Shuffle6",3,44921
"PlayList10",3,44942
"Shuffle37",3,44965
"MyBest4",1,45107
"Shuffle6",5,45116
"PlayList13",1,45155
"PlayList6",3,45186
"Shuffle32",4,45280
"MyBest45",4,45397
"Shuffle22",1,45439
"Shuffle40",3,45461
"MyBest2",4,45668
"Shuffle36",1,45760
"MyBest12",2,45769
"Collection31",5,45987
"MyBest32",1,46128
"Shuffle1",2,46509
"PlayList6",5,46610
"Collection27",3,46626
"Collection7",1,46660
"MyBest9",4,46668
"Collection27",5,46699
"MyBest15",5,46721
"PlayList21",4,46746
"PlayList40",2,46769
"Shuffle36",3,46777
"MyBest28",1,46811
"Shuffle26",5,46817
"Shuffle26",1,46969
"Shuffle49",3,46973
"PlayList1",3,47102
"Collection4",5,47113
"MyBest25",4,47151
"Shuffle29",3,47308
"MyBest5",5,47322
"Collection35",2,47399
"MyBest16",5,47757
"PlayList15",3,47926
"MyBest15",2,47968
"Shuffle26",4,48129
"Collection2",4,48183
"Collection35",5,48492
"Collection23",3,48497
"MyBest36",5,48642
"MyBest47",5,48845
"Shuffle8",1,48934
"PlayList20",3,48935
"Shuffle12",1,48952
"PlayList37",2,49017
"PlayList32",2,49145
"PlayList4",1,49178
"Shuffle31",1,49243
"Collection49",5,49379
"MyBest29",3,49422
"PlayList1",1,49672
"Collection44",3,49687
"PlayList42",3,49743
"Shuffle35",5,49779
"MyBest1",4,49901
"PlayList17",2,49954
"Shuffle9",3,50093
"MyBest40",4,50100
"PlayList23",3,50262
"Shuffle41",5,50313
"Collection34",4,50425
"Collection46",4,50475
"MyBest7",1,50816
"PlayList33",5,50897
"Shuffle20",2,50934
"Collection49",4,50961
"Collection44",2,50982
"Shuffle45",2,50997
"Shuffle4",1,51014
"Collection49",1,51162
"PlayList8",4,51311
"Collection48",1,51379
"Shuffle26",3,51444
"PlayList31",4,51550
"Shuffle34",4,51833
"MyBest29",5,52106
"Collection38",1,52160
"MyBest47",2,52313
"PlayList34",3,52750
"PlayList45",5,52762
"PlayList49",4,52875
"PlayList19",3,53304
"PlayList28",4,53533
"Collection40",4,53659
"PlayList40",4,53724
"PlayList47",1,53761
"PlayList41",5,53855
"Collection14",2,53997
"Collection32",5,54039
"Shuffle31",4,54051
"MyBest5",2,54301
"Collection5",4,54377
"Shuffle47",1,54445
"Collection17",2,54822
"Shuffle25",1,54958
"MyBest20",1,54973
"Shuffle21",4,55009
"MyBest50",5,55070
"Shuffle5",4,55214
"Shuffle39",2,55586
"Shuffle33",2,55803
"MyBest35",4,56054
"Collection4",3,56138
"Shuffle48",4,56142
"PlayList40",1,56161
"MyBest21",5,56216
"Collection10",4,56582
"Collection8",4,56638
"Collection6",1,56729
"Collection4",4,56956
"Collection24",1,56988
"Shuffle33",5,56991
"PlayList24",2,57190
"PlayList40",3,57308
"Collection16",2,57443
"Collection20",4,57463
"Collection24",2,57557
"PlayList12",1,57566
"Collection18",1,57567
"Collection5",2,57793
"PlayList3",3,58099
"Shuffle31",2,58303
"Shuffle6",2,58347
"Collection3",5,58381
"PlayList4",4,58429
"Collection36",3,58432
"Shuffle13",2,58668
"MyBest3",3,58692
"PlayList15",5,58720
"Collection25",1,58745
"PlayList26",1,58957
"Collection28",2,58997
"MyBest17",4,59361
"Collection32",1,59748
"Shuffle13",4,59820
"PlayList43",5,59905
"Shuffle19",1,60442
"MyBest46",5,60518
"Collection36",1,60589
"Shuffle32",5,60799
"Collection31",3,60808
"MyBest35",1,60924
"Collection29",2,60974
"PlayList4",5,60984
"Collection1",4,61045
"MyBest32",4,61068
"PlayList3",1,61167
"PlayList36",1,61568
"MyBest46",3,61757
"Collection11",4,61965
"PlayList5",3,61977
"Shuffle47",4,62049
"MyBest39",5,62155
"PlayList48",5,62226
"Collection42",3,62358
"PlayList16",2,62420
"Collection33",4,62462
"Collection11",1,62585
"MyBest1",5,62628
"MyBest50",3,62816
"Collection24",4,62868
"MyBest18",5,62903
"Collection12",1,62958
"MyBest37",2,63159
"MyBest32",2,63397
"Shuffle9",2,63409
"Shuffle29",1,63455
"Collection41",2,63590
"Collection14",3,63629
"Shuffle21",2,63652
"MyBest24",1,63666
"PlayList48",3,63680
"PlayList10",4,63688
"PlayList21",1,63808
"Collection10",3,63884
"Collection39",4,64040
"Shuffle40",2,64150
"PlayList9",1,64216
"Shuffle18",2,64560
"Collection32",3,64670
"PlayList39",2,64705
"MyBest14",4,64728
"Collection10",2,64868
"PlayList8",3,64973
"Collection8",2,65090
"MyBest48",3,65117
"PlayList38",5,65179
"Collection40",3,65332
"PlayList44",1,65588
"Collection6",3,65663
"MyBest7",4,65780
"Collection15",3,65982
"MyBest27",1,66144
"Collection48",4,66147
"PlayList22",1,66163
"Collection20",1,66224
"PlayList13",5,66281
"MyBest2",3,66294
"PlayList23",4,66472
"Shuffle4",4,66660
"Collection39",5,66690
"PlayList14",2,67063
"MyBest26",4,67117
"Shuffle11",5,67369
"Collection3",3,67838
"Shuffle26",2,67910
"Shuffle50",4,68237
"MyBest26",3,68245
"PlayList25",2,68253
"PlayList42",2,68370
"MyBest35",2,68392
"Shuffle44",5,68490
"MyBest44",1,68734
"MyBest19",4,68759
"Collection20",2,68915
"MyBest33",4,68934
"Shuffle35",1,69021
"MyBest40",2,69180
"Shuffle38",3,69192
"Collection10",1,69200
"Shuffle49",2,69253
"PlayList1",2,69282
"PlayList49",2,69301
"Collection50",3,69411
"MyBest31",5,69521
"MyBest9",5,69750
"PlayList19",1,70050
"Collection15",1,70132
"Collection30",3,70165
"MyBest41",1,70172
"MyBest28",4,70256
"Shuffle2",5,70280
"Shuffle10",3,70384
"PlayList50",3,70702
"Collection8",5,70715
"MyBest10",3,70748
"PlayList36",2,70978
"Collection31",1,71062
"PlayList10",1,71424
"Shuffle13",5,71482
"MyBest29",4,71592
"Shuffle47",3,71615
"Shuffle7",2,71625
"PlayList7",4,71716
"PlayList11",4,71732
"Collection33",3,71741
"Shuffle11",3,71930
"MyBest47",3,72026
"Collection44",4,72178
"Shuffle48",3,72181
"MyBest28",3,72393
"Shuffle41",4,72404
"PlayList44",2,72527
"PlayList48",4,72567
"Collection42",2,72696
"Collection40",1,72705
"PlayList5",4,72751
"Shuffle7",3,72756
"Collection19",4,73097
"PlayList5",5,73117
"Collection9",5,73348
"MyBest17",5,73391
"MyBest43",2,73447
"MyBest18",1,73451
"PlayList37",5,73459
"Collection49",2,73531
"MyBest10",5,73563
"MyBest37",3,73650
"MyBest41",4,73790
"MyBest33",3,73825
"PlayList10",5,74048
"MyBest45",3,74111
"MyBest49",3,74145
"Collection13",4,74247
"PlayList11",1,74508
"Collection48",3,74590
"Shuffle27",5,74637
"MyBest6",1,74685
"Shuffle43",1,75047
"PlayList2",2,75066
"PlayList14",1,75083
"MyBest46",1,75182
"Collection17",1,75197
"Collection3",4,75207
"MyBest45",1,75250
"PlayList50",1,75487
"Collection47",5,75562
"MyBest19",1,75684
"MyBest41",3,75698
"Shuffle43",3,75708
"Shuffle30",2,75729
"Collection8",3,75774
"Shuffle35",2,75787
"PlayList29",4,76079
"Collection20",5,76212
"PlayList32",1,76281
"MyBest6",2,76323
"Shuffle39",3,76337
"Collection6",4,76350
"PlayList24",4,76556
"PlayList7",3,76568
"Shuffle41",1,76674
"PlayList17",5,76681
"PlayList42",1,76720
"Collection5",1,76882
"Shuffle46",3,77030
"MyBest46",2,77177
"MyBest3",2,77225
"PlayList8",2,77530
"MyBest23",2,77669
"Shuffle25",4,77677
"Collection6",2,77724
"PlayList15",4,78078
"Shuffle4",2,78153
"Shuffle38",2,78331
"Collection22",2,78351
"Shuffle3",3,78396
"Collection12",5,78399
"Shuffle44",2,78509
"MyBest36",1,78670
"Collection2",3,78762
"MyBest13",5,78872
"Collection36",4,78932
"MyBest14",3,78948
"Collection50",5,79050
"MyBest14",5,79130
"PlayList28",5,79167
"MyBest48",5,79460
"PlayList23",1,79460
"Shuffle17",2,79520
"MyBest37",5,79781
"MyBest42",5,79789
"Collection13",2,79822
"Shuffle15",3,79865
"MyBest10",1,79885
"Collection46",1,80115
"Shuffle16",2,80123
"Shuffle23",1,80326
"Collection26",5,80384
"MyBest6",4,80594
"Shuffle32",2,80910
"Shuffle30",4,80952
"Shuffle29",2,80964
"PlayList39",5,80971
"PlayList31",1,81050
"Collection45",3,81145
"Shuffle44",3,81303
"MyBest33",5,81317
"Shuffle16",3,81435
"PlayList24",5,81464
"PlayList11",3,81503
"MyBest10",4,81546
"MyBest8",5,81605
"Shuffle23",3,81637
"Shuffle20",3,81901
"Shuffle16",4,82043
"PlayList38",1,82393
"MyBest36",4,82416
"Shuffle16",1,82779
"MyBest30",3,82793
"MyBest24",5,82814
"PlayList7",1,82815
"Collection14",1,82830
"Collection8",1,82832
"MyBest45",5,82900
"PlayList41",4,82937
"Shuffle24",3,82969
"PlayList11",2,83068
"Shuffle1",5,83126
"PlayList43",2,83326
"MyBest4",5,83392
"Shuffle14",1,83398
"MyBest23",4,83567
"Shuffle23",5,83618
"MyBest27",5,83783
"Collection12",3,83845
"Collection36",5,83998
"MyBest12",5,84008
"MyBest39",1,84051
"MyBest45",2,84121
"Shuffle15",5,84232
"Collection32",2,84303
"Shuffle43",4,84304
"Shuffle50",3,84488
"Collection1",1,84502
"MyBest21",3,84569
"PlayList43",1,84635
"Shuffle10",1,84682
"PlayList20",1,84710
"MyBest15",3,84741
"MyBest5",1,84763
"Collection1",3,84816
"MyBest43",1,84859
"MyBest29",2,84950
"MyBest12",3,84994
"Collection41",1,85008
"PlayList25",4,85192
"PlayList16",5,85286
"MyBest47",4,85339
"Collection47",3,85510
"MyBest7",5,85803
"Shuffle11",2,85837
"Collection5",5,85838
"PlayList14",5,85857
"PlayList31",3,85870
"MyBest41",5,85922
"Shuffle5",5,86059
"MyBest17",2,86122
"MyBest31",2,86167
"Collection16",4,86235
"PlayList24",1,86261
"MyBest36",3,86293
"MyBest8",1,86494
"Collection34",1,86582
"Shuffle28",4,86718
"Shuffle48",2,86721
"Shuffle18",4,86839
"Collection47",4,87043
"MyBest1",2,87067
"PlayList30",1,87079
"Collection45",2,87339
"Shuffle42",2,87362
"Shuffle15",2,87531
"Collection24",3,87635
"Collection35",1,87701
"Shuffle44",4,87701
"Shuffle17",1,87736
"PlayList41",1,87760
"Collection23",4,87791
"Shuffle34",3,87860
"MyBest13",4,87981
"Collection37",5,88215
"PlayList18",1,88290
"MyBest15",1,88509
"MyBest14",1,88581
"MyBest21",4,88716
"PlayList16",4,88869
"Shuffle49",1,88894
"Shuffle43",5,88977
"Shuffle5",2,89008
"Collection48",2,89371
"MyBest18",2,89501
"Collection4",1,89685
"PlayList18",2,89738
"Collection13",5,89817
"PlayList33",2,89840
"Shuffle42",1,89853
"Collection18",2,89951
"PlayList2",5,89957
"Collection21",3,90022
"PlayList38",4,90095
"Collection15",5,90323
"PlayList42",5,90385
"MyBest22",5,90607
"PlayList12",5,90685
"PlayList44",5,90737
"MyBest30",5,90815
"MyBest25",1,91002
"Shuffle23",4,91071
"Collection39",3,91133
"Collection4",2,91339
"MyBest37",1,91448
"Collection6",5,91571
"Collection42",1,91665
"Collection22",5,91669
"Collection11",5,91749
"PlayList11",5,91774
"MyBest49",1,91861
"PlayList30",5,91958
"PlayList30",4,92105
"PlayList20",4,92167
"PlayList7",5,92202
"Collection33",5,92210
"MyBest3",4,92286
"Shuffle5",3,92286
"MyBest7",2,92365
"Shuffle7",4,92402
"Shuffle42",4,92495
"PlayList21",2,92539
"Shuffle25",3,92553
"PlayList29",5,92597
"MyBest44",3,92635
"Shuffle22",2,92678
"Collection14",5,93074
"PlayList35",4,93172
"MyBest33",2,93417
"Shuffle10",5,93463
"Collection26",2,93468
"MyBest49",5,93612
"PlayList8",1,93627
"MyBest11",4,93809
"Shuffle16",5,93991
"Collection13",1,94226
"MyBest44",4,94539
"Collection19",2,94768
"Collection21",4,94806
"MyBest31",4,94864
"PlayList27",3,94931
"Shuffle27",3,94961
"Collection43",2,95063
"PlayList13",2,95073
"Shuffle27",2,95076
"PlayList45",4,95182
"Shuffle15",1,95196
"Shuffle12",4,95200
"PlayList46",2,95318
"MyBest31",3,95351
"Shuffle7",1,95422
"Collection34",3,95764
"MyBest11",3,95811
"Collection49",3,96066
"Collection9",4,96088
"PlayList35",1,96153
"MyBest18",4,96218
"Shuffle38",4,96442
"Shuffle34",5,96515
"MyBest42",1,96522
"Shuffle17",5,96614
"MyBest19",3,96652
"Shuffle46",1,96764
"MyBest30",2,96849
"PlayList50",4,96876
"MyBest11",1,96938
"Collection37",2,97124
"PlayList2",1,97191
"Shuffle19",5,97212
"Collection19",5,97531
"Shuffle2",1,97600
"Collection50",1,97796
"MyBest3",1,97804
"MyBest48",2,97882
"MyBest44",5,98167
"PlayList27",2,98236
"MyBest34",5,98348
"Collection21",5,98481
"Shuffle37",5,98693
"MyBest4",2,98832
"MyBest32",3,98883
"Collection1",2,98899
"Collection37",3,98930
"Collection3",2,98953
"MyBest8",2,98993
"Collection15",2,98996
"MyBest20",5,99066
"Shuffle32",1,99101
"PlayList1",5,99313
"Collection31",2,99319
"Collection24",5,99361
"Collection14",4,99372
"Shuffle33",1,99403
"Collection41",4,99452
"MyBest2",1,99595
"MyBest13",2,99786
"Shuffle25",5,99872
"Shuffle18",1,99891
