"Collection1","コレクション1"
"Collection10","コレクション10"
"Collection11","コレクション11"
"Collection12","コレクション12"
"Collection13","コレクション13"
"Collection14","コレクション14"
"Collection15","コレクション15"
"Collection16","コレクション16"
"Collection17","コレクション17"
"Collection18","コレクション18"
"Collection19","コレクション19"
"Collection2","コレクション2"
"Collection20","コレクション20"
"Collection21","コレクション21"
"Collection22","コレクション22"
"Collection23","コレクション23"
"Collection24","コレクション24"
"Collection25","コレクション25"
"Collection26","コレクション26"
"Collection27","コレクション27"
"Collection28","コレクション28"
"Collection29","コレクション29"
"Collection3","コレクション3"
"Collection30","コレクション30"
"Collection31","コレクション31"
"Collection32","コレクション32"
"Collection33","コレクション33"
"Collection34","コレクション34"
"Collection35","コレクション35"
"Collection36","コレクション36"
"Collection37","コレクション37"
"Collection38","コレクション38"
"Collection39","コレクション39"
"Collection4","コレクション4"
"Collection40","コレクション40"
"Collection41","コレクション41"
"Collection42","コレクション42"
"Collection43","コレクション43"
"Collection44","コレクション44"
"Collection45","コレクション45"
"Collection46","コレクション46"
"Collection47","コレクション47"
"Collection48","コレクション48"
"Collection49","コレクション49"
"Collection5","コレクション5"
"Collection50","コレクション50"
"Collection6","コレクション6"
"Collection7","コレクション7"
"Collection8","コレクション8"
"Collection9","コレクション9"
"MyBest1","マイベスト1"
"MyBest10","マイベスト10"
"MyBest11","マイベスト11"
"MyBest12","マイベスト12"
"MyBest13","マイベスト13"
"MyBest14","マイベスト14"
"MyBest15","マイベスト15"
"MyBest16","マイベスト16"
"MyBest17","マイベスト17"
"MyBest18","マイベスト18"
"MyBest19","マイベスト19"
"MyBest2","マイベスト2"
"MyBest20","マイベスト20"
"MyBest21","マイベスト21"
"MyBest22","マイベスト22"
"MyBest23","マイベスト23"
"MyBest24","マイベスト24"
"MyBest25","マイベスト25"
"MyBest26","マイベスト26"
"MyBest27","マイベスト27"
"MyBest28","マイベスト28"
"MyBest29","マイベスト29"
"MyBest3","マイベスト3"
"MyBest30","マイベスト30"
"MyBest31","マイベスト31"
"MyBest32","マイベスト32"
"MyBest33","マイベスト33"
"MyBest34","マイベスト34"
"MyBest35","マイベスト35"
"MyBest36","マイベスト36"
"MyBest37","マイベスト37"
"MyBest38","マイベスト38"
"MyBest39","マイベスト39"
"MyBest4","マイベスト4"
"MyBest40","マイベスト40"
"MyBest41","マイベスト41"
"MyBest42","マイベスト42"
"MyBest43","マイベスト43"
"MyBest44","マイベスト44"
"MyBest45","マイベスト45"
"MyBest46","マイベスト46"
"MyBest47","マイベスト47"
"MyBest48","マイベスト48"
"MyBest49","マイベスト49"
"MyBest5","マイベスト5"
"MyBest50","マイベスト50"
"MyBest6","マイベスト6"
"MyBest7","マイベスト7"
"MyBest8","マイベスト8"
"MyBest9","マイベスト9"
"PlayList1","プレイリスト1"
"PlayList10","プレイリスト10"
"PlayList11","プレイリスト11"
"PlayList12","プレイリスト12"
"PlayList13","プレイリスト13"
"PlayList14","プレイリスト14"
"PlayList15","プレイリスト15"
"PlayList16","プレイリスト16"
"PlayList17","プレイリスト17"
"PlayList18","プレイリスト18"
"PlayList19","プレイリスト19"
"PlayList2","プレイリスト2"
"PlayList20","プレイリスト20"
"PlayList21","プレイリスト21"
"PlayList22","プレイリスト22"
"PlayList23","プレイリスト23"
"PlayList24","プレイリスト24"
"PlayList25","プレイリスト25"
"PlayList26","プレイリスト26"
"PlayList27","プレイリスト27"
"PlayList28","プレイリスト28"
"PlayList29","プレイリスト29"
"PlayList3","プレイリスト3"
"PlayList30","プレイリスト30"
"PlayList31","プレイリスト31"
"PlayList32","プレイリスト32"
"PlayList33","プレイリスト33"
"PlayList34","プレイリスト34"
"PlayList35","プレイリスト35"
"PlayList36","プレイリスト36"
"PlayList37","プレイリスト37"
"PlayList38","プレイリスト38"
"PlayList39","プレイリスト39"
"PlayList4","プレイリスト4"
"PlayList40","プレイリスト40"
"PlayList41","プレイリスト41"
"PlayList42","プレイリスト42"
"PlayList43","プレイリスト43"
"PlayList44","プレイリスト44"
"PlayList45","プレイリスト45"
"PlayList46","プレイリスト46"
"PlayList47","プレイリスト47"
"PlayList48","プレイリスト48"
"PlayList49","プレイリスト49"
"PlayList5","プレイリスト5"
"PlayList50","プレイリスト50"
"PlayList6","プレイリスト6"
"PlayList7","プレイリスト7"
"PlayList8","プレイリスト8"
"PlayList9","プレイリスト9"
"Shuffle1","シャッフル1"
"Shuffle10","シャッフル10"
"Shuffle11","シャッフル11"
"Shuffle12","シャッフル12"
"Shuffle13","シャッフル13"
"Shuffle14","シャッフル14"
"Shuffle15","シャッフル15"
"Shuffle16","シャッフル16"
"Shuffle17","シャッフル17"
"Shuffle18","シャッフル18"
"Shuffle19","シャッフル19"
"Shuffle2","シャッフル2"
"Shuffle20","シャッフル20"
"Shuffle21","シャッフル21"
"Shuffle22","シャッフル22"
"Shuffle23","シャッフル23"
"Shuffle24","シャッフル24"
"Shuffle25","シャッフル25"
"Shuffle26","シャッフル26"
"Shuffle27","シャッフル27"
"Shuffle28","シャッフル28"
"Shuffle29","シャッフル29"
"Shuffle3","シャッフル3"
"Shuffle30","シャッフル30"
"Shuffle31","シャッフル31"
"Shuffle32","シャッフル32"
"Shuffle33","シャッフル33"
"Shuffle34","シャッフル34"
"Shuffle35","シャッフル35"
"Shuffle36","シャッフル36"
"Shuffle37","シャッフル37"
"Shuffle38","シャッフル38"
"Shuffle39","シャッフル39"
"Shuffle4","シャッフル4"
"Shuffle40","シャッフル40"
"Shuffle41","シャッフル41"
"Shuffle42","シャッフル42"
"Shuffle43","シャッフル43"
"Shuffle44","シャッフル44"
"Shuffle45","シャッフル45"
"Shuffle46","シャッフル46"
"Shuffle47","シャッフル47"
"Shuffle48","シャッフル48"
"Shuffle49","シャッフル49"
"Shuffle5","シャッフル5"
"Shuffle50","シャッフル50"
"Shuffle6","シャッフル6"
"Shuffle7","シャッフル7"
"Shuffle8","シャッフル8"
"Shuffle9","シャッフル9"
